{
    "tags": {
        "allowUnknownTags": true,
        "dictionaries": ["jsdoc","closure"]
    },
    "source": {
        "includePattern": ".+\\.js(doc)?$",
        "excludePattern": "(^|\\/|\\\\)_",
        "include": "./web",
        "exclude": [
            "node_modules"
        ]
    },
    "plugins": [],
    "templates": {
        "cleverLinks": false,
        "monospaceLinks": false,
        "theme": "yeti"
    },
    "opts": {
        //"template": "templates/default",      //使用 JSDoc 默认模板
        "template": "./node_modules/ink-docstrap/template", //使用 docstrap 模板
        "destination": "./docs/jsdoc/",               //输出目录。等同于 -d ./out/
        "recurse": true,                        //是否递归查找。 -r
        "debug": true,                          //启用调试模式。--debug
        "readme": "README.md"                   //要写到文档首页的 readme 文档。-R README.md
    }      
}